GeneId,Prediction
1,0.214003
2,0.709528
3,0.962132
4,0.0626736
5,0.0658428
6,0.881201
7,0.0211545
8,0.029121
9,0.953517
10,0.0216654
11,0.729346
12,0.964962
13,0.0212776
14,0.815566
15,0.933871
16,0.936236
17,0.911528
18,0.943747
19,0.932328
20,0.577691
21,0.948367
22,0.349037
23,0.860837
24,0.137188
25,0.0347778
26,0.967709
27,0.0197816
28,0.450182
29,0.283532
30,0.970809
31,0.936222
32,0.0489587
33,0.102293
34,0.963323
35,0.143971
36,0.207797
37,0.0390935
38,0.301759
39,0.728079
40,0.0272686
41,0.925217
42,0.167775
43,0.965263
44,0.807708
45,0.95592
46,0.970764
47,0.969616
48,0.931821
49,0.968837
50,0.202204
51,0.966647
52,0.839126
53,0.946654
54,0.969211
55,0.970809
56,0.969962
57,0.0412562
58,0.813313
59,0.851193
60,0.847639
61,0.782781
62,0.311584
63,0.819489
64,0.958047
65,0.036508
66,0.29898
67,0.585781
68,0.0289763
69,0.894344
70,0.946793
71,0.0411458
72,0.180478
73,0.0556553
74,0.965552
75,0.0479845
76,0.0267564
77,0.919235
78,0.968713
79,0.914836
80,0.935324
81,0.970789
82,0.103393
83,0.957244
84,0.918074
85,0.970783
86,0.966946
87,0.934221
88,0.0222097
89,0.938234
90,0.0325096
91,0.95765
92,0.109809
93,0.0591612
94,0.787768
95,0.954414
96,0.948945
97,0.151932
98,0.944148
99,0.251489
100,0.949371
101,0.970797
102,0.970597
103,0.969933
104,0.915716
105,0.435808
106,0.953009
107,0.938673
108,0.969486
109,0.967865
110,0.497347
111,0.068929
112,0.932305
113,0.936029
114,0.955895
115,0.970723
116,0.118348
117,0.96243
118,0.865778
119,0.0534792
120,0.729929
121,0.0226838
122,0.966963
123,0.0223848
124,0.970715
125,0.925245
126,0.937694
127,0.880638
128,0.0205141
129,0.969715
130,0.960589
131,0.0225746
132,0.0901554
133,0.949278
134,0.0239528
135,0.0220147
136,0.648996
137,0.970791
138,0.9308
139,0.606043
140,0.0361421
141,0.949365
142,0.970653
143,0.0739619
144,0.058502
145,0.939828
146,0.934568
147,0.941457
148,0.828213
149,0.867971
150,0.909038
151,0.970603
152,0.028056
153,0.782129
154,0.874859
155,0.0739383
156,0.913365
157,0.970745
158,0.970803
159,0.968911
160,0.970682
161,0.037311
162,0.969356
163,0.971864
164,0.0350061
165,0.953497
166,0.0230921
167,0.947166
168,0.937126
169,0.278025
170,0.757385
171,0.0584004
172,0.0203537
173,0.119736
174,0.970719
175,0.94554
176,0.933823
177,0.956697
178,0.580142
179,0.0467901
180,0.0870562
181,0.334028
182,0.0527042
183,0.926046
184,0.85048
185,0.733393
186,0.923625
187,0.953845
188,0.937694
189,0.959525
190,0.970343
191,0.15448
192,0.957262
193,0.163871
194,0.0209655
195,0.956563
196,0.886464
197,0.107552
198,0.968467
199,0.208487
200,0.969939
201,0.803067
202,0.105133
203,0.0467468
204,0.0229534
205,0.0740308
206,0.968002
207,0.966229
208,0.970809
209,0.375267
210,0.968127
211,0.0747696
212,0.0214289
213,0.940677
214,0.946958
215,0.857421
216,0.221106
217,0.114277
218,0.39435
219,0.247024
220,0.0857533
221,0.157287
222,0.970149
223,0.970764
224,0.790528
225,0.0358008
226,0.899321
227,0.723235
228,0.0306261
229,0.0211841
230,0.0393514
231,0.9474
232,0.0248382
233,0.969792
234,0.0322136
235,0.899355
236,0.314734
237,0.0366509
238,0.924374
239,0.577163
240,0.0274987
241,0.0309845
242,0.967191
243,0.918754
244,0.930454
245,0.938775
246,0.970752
247,0.884683
248,0.970806
249,0.741504
250,0.970337
251,0.880861
252,0.0374551
253,0.0308233
254,0.0766889
255,0.949028
256,0.0266187
257,0.967537
258,0.311512
259,0.862228
260,0.937947
261,0.107554
262,0.939828
263,0.931159
264,0.956724
265,0.125097
266,0.970811
267,0.929704
268,0.0282514
269,0.966736
270,0.0197459
271,0.965294
272,0.0815686
273,0.933671
274,0.966506
275,0.0487933
276,0.970671
277,0.183892
278,0.970801
279,0.921058
280,0.0208357
281,0.967262
282,0.24016
283,0.0203032
284,0.770501
285,0.969711
286,0.970027
287,0.614614
288,0.0247681
289,0.034068
290,0.0610518
291,0.0405026
292,0.942818
293,0.0370291
294,0.0615819
295,0.0416068
296,0.942329
297,0.968282
298,0.808818
299,0.970809
300,0.910002
301,0.0365821
302,0.970307
303,0.936735
304,0.633066
305,0.649653
306,0.0323958
307,0.970836
308,0.954651
309,0.522712
310,0.0829954
311,0.970791
312,0.961424
313,0.966999
314,0.157883
315,0.164312
316,0.765614
317,0.969767
318,0.913364
319,0.948531
320,0.0672422
321,0.86544
322,0.936939
323,0.765319
324,0.735903
325,0.934023
326,0.970688
327,0.0267155
328,0.949159
329,0.917725
330,0.967184
331,0.776179
332,0.951751
333,0.0378798
334,0.0249922
335,0.0394474
336,0.970738
337,0.829013
338,0.96714
339,0.705983
340,0.834592
341,0.970809
342,0.392588
343,0.256033
344,0.201003
345,0.970808
346,0.968236
347,0.887456
348,0.0884238
349,0.212168
350,0.948429
351,0.0555677
352,0.935104
353,0.695767
354,0.970583
355,0.961074
356,0.0683909
357,0.497839
358,0.954359
359,0.912421
360,0.970831
361,0.851021
362,0.970255
363,0.0618662
364,0.201474
365,0.0279437
366,0.948952
367,0.970809
368,0.0327168
369,0.383977
370,0.597189
371,0.96799
372,0.050747
373,0.0665648
374,0.963682
375,0.904133
376,0.4157
377,0.97081
378,0.0646616
379,0.0257972
380,0.0217471
381,0.96405
382,0.0886473
383,0.0343848
384,0.0403641
385,0.934687
386,0.0551145
387,0.97062
388,0.947437
389,0.749384
390,0.458541
391,0.939879
392,0.968936
393,0.900285
394,0.0210252
395,0.047153
396,0.970809
397,0.930512
398,0.646342
399,0.970062
400,0.970809
401,0.868923
402,0.824895
403,0.964448
404,0.265016
405,0.500378
406,0.970809
407,0.97065
408,0.595794
409,0.969787
410,0.970745
411,0.575756
412,0.824025
413,0.0877577
414,0.0281025
415,0.355493
416,0.949121
417,0.308069
418,0.0683029
419,0.970809
420,0.427995
421,0.041476
422,0.0381365
423,0.960285
424,0.783371
425,0.138294
426,0.02577
427,0.0211861
428,0.951403
429,0.0328458
430,0.948084
431,0.455287
432,0.934283
433,0.929522
434,0.970809
435,0.400376
436,0.946199
437,0.918608
438,0.416134
439,0.970717
440,0.0608287
441,0.0438703
442,0.962585
443,0.963687
444,0.970211
445,0.948501
446,0.0821073
447,0.970231
448,0.970578
449,0.858221
450,0.910302
451,0.0246219
452,0.360735
453,0.966578
454,0.0202838
455,0.970707
456,0.214722
457,0.970809
458,0.965208
459,0.92909
460,0.896508
461,0.201745
462,0.0479478
463,0.0293822
464,0.655343
465,0.969538
466,0.931539
467,0.614122
468,0.0671524
469,0.935422
470,0.970809
471,0.917554
472,0.460798
473,0.969795
474,0.0217722
475,0.558702
476,0.970791
477,0.0359985
478,0.142065
479,0.0229629
480,0.192273
481,0.0212492
482,0.970457
483,0.0213703
484,0.949266
485,0.119377
486,0.946523
487,0.845333
488,0.130337
489,0.920882
490,0.903379
491,0.382769
492,0.228262
493,0.942478
494,0.970803
495,0.947947
496,0.421516
497,0.951902
498,0.0453083
499,0.904082
500,0.967598
501,0.945302
502,0.13974
503,0.584054
504,0.0368346
505,0.970758
506,0.0273907
507,0.0695903
508,0.961404
509,0.964974
510,0.0671176
511,0.964647
512,0.135488
513,0.504441
514,0.0766102
515,0.0229901
516,0.970145
517,0.939284
518,0.428186
519,0.970506
520,0.035043
521,0.540544
522,0.0690115
523,0.970222
524,0.970809
525,0.970805
526,0.762284
527,0.224119
528,0.960737
529,0.907885
530,0.0289354
531,0.960563
532,0.823185
533,0.85205
534,0.0267982
535,0.962539
536,0.960814
537,0.966714
538,0.0631207
539,0.936489
540,0.636588
541,0.0233474
542,0.692447
543,0.03946
544,0.836379
545,0.023988
546,0.966018
547,0.970808
548,0.315391
549,0.970784
550,0.240888
551,0.948914
552,0.0295773
553,0.0751098
554,0.848619
555,0.766179
556,0.948897
557,0.118713
558,0.0382924
559,0.957323
560,0.970809
561,0.969406
562,0.970764
563,0.539221
564,0.410982
565,0.946578
566,0.96635
567,0.537796
568,0.965463
569,0.950878
570,0.17297
571,0.954254
572,0.918257
573,0.0401075
574,0.0450121
575,0.0789174
576,0.947784
577,0.964915
578,0.97079
579,0.936347
580,0.318996
581,0.020664
582,0.924303
583,0.970785
584,0.504873
585,0.0305076
586,0.0286322
587,0.204962
588,0.964863
589,0.970809
590,0.947617
591,0.127677
592,0.94916
593,0.141726
594,0.925996
595,0.0291736
596,0.14619
597,0.531127
598,0.912524
599,0.949932
600,0.917281
601,0.970701
602,0.970808
603,0.934297
604,0.162163
605,0.970727
606,0.873441
607,0.965218
608,0.0386541
609,0.881996
610,0.970764
611,0.970808
612,0.092353
613,0.939952
614,0.937612
615,0.0393214
616,0.0870858
617,0.033115
618,0.0196651
619,0.0830392
620,0.927736
621,0.138778
622,0.881776
623,0.856681
624,0.048128
625,0.0483829
626,0.0242693
627,0.970809
628,0.92815
629,0.97043
630,0.0718398
631,0.956627
632,0.259928
633,0.936476
634,0.0265596
635,0.753329
636,0.93175
637,0.944171
638,0.0270195
639,0.0469626
640,0.969787
641,0.966996
642,0.871385
643,0.0470897
644,0.696408
645,0.9705
646,0.970767
647,0.0847303
648,0.0554964
649,0.0269967
650,0.966755
651,0.915763
652,0.381389
653,0.970801
654,0.0438669
655,0.903972
656,0.0201871
657,0.97063
658,0.970696
659,0.372217
660,0.937045
661,0.554146
662,0.909192
663,0.966322
664,0.0954854
665,0.919882
666,0.929399
667,0.390141
668,0.0227472
669,0.933227
670,0.409248
671,0.856053
672,0.145617
673,0.631843
674,0.85474
675,0.953869
676,0.961781
677,0.899705
678,0.874141
679,0.919779
680,0.937706
681,0.0200208
682,0.411939
683,0.938492
684,0.935214
685,0.970369
686,0.506183
687,0.904962
688,0.90207
689,0.968498
690,0.927139
691,0.719133
692,0.849571
693,0.895076
694,0.0320804
695,0.970809
696,0.902004
697,0.939158
698,0.948498
699,0.952841
700,0.961371
701,0.0580818
702,0.933465
703,0.731348
704,0.418083
705,0.94852
706,0.0218411
707,0.0197317
708,0.970395
709,0.769972
710,0.685455
711,0.0310164
712,0.102878
713,0.105019
714,0.0209709
715,0.937776
716,0.943121
717,0.922263
718,0.20059
719,0.844051
720,0.960455
721,0.263629
722,0.970808
723,0.12077
724,0.345727
725,0.894095
726,0.950108
727,0.960905
728,0.400165
729,0.555686
730,0.970808
731,0.96397
732,0.943954
733,0.939536
734,0.0298183
735,0.632665
736,0.646129
737,0.958796
738,0.264863
739,0.0204377
740,0.937679
741,0.248484
742,0.921727
743,0.261298
744,0.0301563
745,0.0506964
746,0.903902
747,0.94926
748,0.209269
749,0.131875
750,0.970641
751,0.0337138
752,0.0548269
753,0.239714
754,0.970813
755,0.915358
756,0.937663
757,0.937797
758,0.952398
759,0.970788
760,0.818079
761,0.970682
762,0.970803
763,0.037178
764,0.938113
765,0.0381847
766,0.914696
767,0.970814
768,0.778255
769,0.86342
770,0.878427
771,0.0365281
772,0.939121
773,0.0674024
774,0.933033
775,0.0486375
776,0.880835
777,0.693576
778,0.101984
779,0.138032
780,0.946087
781,0.136863
782,0.0259489
783,0.896878
784,0.969494
785,0.958373
786,0.874964
787,0.0306616
788,0.0956286
789,0.036397
790,0.0758882
791,0.759698
792,0.0367218
793,0.937432
794,0.940594
795,0.0201267
796,0.0206869
797,0.967693
798,0.927747
799,0.970718
800,0.781396
801,0.526335
802,0.970729
803,0.931272
804,0.778212
805,0.947622
806,0.967387
807,0.547454
808,0.970803
809,0.957985
810,0.930569
811,0.96666
812,0.968773
813,0.337804
814,0.943274
815,0.885886
816,0.970773
817,0.934102
818,0.97112
819,0.571573
820,0.947961
821,0.540868
822,0.072677
823,0.93946
824,0.0458016
825,0.939566
826,0.942658
827,0.0948795
828,0.970742
829,0.858886
830,0.835795
831,0.964087
832,0.929748
833,0.93806
834,0.441179
835,0.885968
836,0.859801
837,0.970809
838,0.042769
839,0.944066
840,0.181547
841,0.96913
842,0.883884
843,0.873648
844,0.0800988
845,0.463075
846,0.0320884
847,0.0343536
848,0.0253909
849,0.320696
850,0.230048
851,0.970803
852,0.216531
853,0.201115
854,0.0708896
855,0.829632
856,0.97054
857,0.949882
858,0.529806
859,0.0213036
860,0.358408
861,0.918135
862,0.96529
863,0.970692
864,0.938142
865,0.442332
866,0.87446
867,0.637255
868,0.0564326
869,0.0862053
870,0.0267604
871,0.0385324
872,0.941892
873,0.970724
874,0.911371
875,0.107316
876,0.341112
877,0.845626
878,0.97029
879,0.970809
880,0.647554
881,0.0703739
882,0.912333
883,0.890898
884,0.717721
885,0.0567768
886,0.944755
887,0.0263212
888,0.935361
889,0.892358
890,0.113393
891,0.803231
892,0.0360933
893,0.0328009
894,0.0266278
895,0.936852
896,0.935254
897,0.945582
898,0.882866
899,0.901792
900,0.742582
901,0.9529
902,0.947958
903,0.913129
904,0.169772
905,0.918206
906,0.97159
907,0.0456341
908,0.945697
909,0.0197821
910,0.9447
911,0.971253
912,0.0572379
913,0.0252549
914,0.0244367
915,0.404036
916,0.971046
917,0.0458329
918,0.612266
919,0.222577
920,0.0261273
921,0.0201917
922,0.969515
923,0.692381
924,0.747824
925,0.0316964
926,0.0693296
927,0.970709
928,0.918709
929,0.970806
930,0.943302
931,0.970315
932,0.849349
933,0.94325
934,0.772905
935,0.739179
936,0.846313
937,0.865868
938,0.946251
939,0.946712
940,0.970099
941,0.608107
942,0.970488
943,0.122387
944,0.928395
945,0.4668
946,0.939794
947,0.911782
948,0.970809
949,0.950002
950,0.31897
951,0.0212355
952,0.954166
953,0.0276048
954,0.477191
955,0.832946
956,0.969651
957,0.0760373
958,0.286264
959,0.96997
960,0.950928
961,0.80982
962,0.938704
963,0.970796
964,0.0427085
965,0.0380462
966,0.604631
967,0.0818148
968,0.0270363
969,0.730695
970,0.94507
971,0.0512821
972,0.0394027
973,0.137796
974,0.970796
975,0.0413974
976,0.390612
977,0.373451
978,0.850454
979,0.213255
980,0.0708863
981,0.87378
982,0.0237772
983,0.0213344
984,0.0253529
985,0.863054
986,0.0232812
987,0.970305
988,0.970792
989,0.970023
990,0.852002
991,0.932379
992,0.970193
993,0.954171
994,0.940586
995,0.0243569
996,0.94721
997,0.0437101
998,0.963978
999,0.970734
1000,0.917838
1001,0.154698
1002,0.234612
1003,0.0923905
1004,0.0648963
1005,0.10689
1006,0.0781474
1007,0.487737
1008,0.212248
1009,0.871148
1010,0.774583
1011,0.967931
1012,0.249937
1013,0.79147
1014,0.0244576
1015,0.839342
1016,0.0667711
1017,0.0201577
1018,0.0517026
1019,0.143753
1020,0.788567
1021,0.945525
1022,0.971723
1023,0.969976
1024,0.913015
1025,0.968898
1026,0.937784
1027,0.0650133
1028,0.0562123
1029,0.968117
1030,0.386095
1031,0.019858
1032,0.0407574
1033,0.96249
1034,0.919309
1035,0.439635
1036,0.202222
1037,0.934618
1038,0.845004
1039,0.943328
1040,0.970407
1041,0.0335911
1042,0.862904
1043,0.228476
1044,0.963256
1045,0.970801
1046,0.228871
1047,0.944774
1048,0.967865
1049,0.0527733
1050,0.774827
1051,0.0314468
1052,0.938413
1053,0.947554
1054,0.0490701
1055,0.158576
1056,0.884574
1057,0.969085
1058,0.0239502
1059,0.0577459
1060,0.142484
1061,0.0238548
1062,0.938545
1063,0.969918
1064,0.970311
1065,0.0522867
1066,0.498497
1067,0.0740071
1068,0.134498
1069,0.970216
1070,0.0299848
1071,0.946889
1072,0.117205
1073,0.945802
1074,0.949238
1075,0.81392
1076,0.970443
1077,0.0512421
1078,0.968663
1079,0.191711
1080,0.44214
1081,0.0330003
1082,0.936134
1083,0.967784
1084,0.949216
1085,0.049099
1086,0.168834
1087,0.0209086
1088,0.101826
1089,0.43543
1090,0.123314
1091,0.92154
1092,0.0992527
1093,0.780945
1094,0.937777
1095,0.0280928
1096,0.931598
1097,0.960656
1098,0.882417
1099,0.0218634
1100,0.530351
1101,0.218423
1102,0.110325
1103,0.0848376
1104,0.882224
1105,0.779078
1106,0.562599
1107,0.97077
1108,0.0487453
1109,0.745085
1110,0.413246
1111,0.96774
1112,0.938833
1113,0.239833
1114,0.264428
1115,0.969837
1116,0.613895
1117,0.315519
1118,0.0735147
1119,0.853001
1120,0.200633
1121,0.0203601
1122,0.0206652
1123,0.0375492
1124,0.102361
1125,0.901887
1126,0.970756
1127,0.43878
1128,0.948339
1129,0.930282
1130,0.970742
1131,0.947092
1132,0.894567
1133,0.626215
1134,0.970609
1135,0.0236272
1136,0.920939
1137,0.0651663
1138,0.908017
1139,0.0442754
1140,0.920874
1141,0.946294
1142,0.970807
1143,0.871947
1144,0.0234879
1145,0.921565
1146,0.566439
1147,0.126372
1148,0.952537
1149,0.685524
1150,0.0283937
1151,0.229753
1152,0.898104
1153,0.941822
1154,0.93426
1155,0.970809
1156,0.945556
1157,0.970808
1158,0.165099
1159,0.478519
1160,0.969408
1161,0.114673
1162,0.920421
1163,0.0474752
1164,0.934659
1165,0.971362
1166,0.0228253
1167,0.970809
1168,0.852765
1169,0.163005
1170,0.967826
1171,0.857358
1172,0.935948
1173,0.965575
1174,0.144428
1175,0.289892
1176,0.941183
1177,0.0461654
1178,0.742039
1179,0.638494
1180,0.867035
1181,0.762404
1182,0.514466
1183,0.103109
1184,0.0205163
1185,0.781079
1186,0.0221871
1187,0.0250254
1188,0.969935
1189,0.945964
1190,0.952929
1191,0.952867
1192,0.937589
1193,0.0242749
1194,0.0908539
1195,0.909724
1196,0.628682
1197,0.558702
1198,0.0243069
1199,0.0992239
1200,0.94677
1201,0.331078
1202,0.0648609
1203,0.417472
1204,0.181219
1205,0.942452
1206,0.961884
1207,0.407074
1208,0.938146
1209,0.338974
1210,0.059029
1211,0.936094
1212,0.968898
1213,0.0197039
1214,0.0257496
1215,0.938774
1216,0.962553
1217,0.0388013
1218,0.9351
1219,0.968866
1220,0.153452
1221,0.200705
1222,0.039219
1223,0.0378628
1224,0.913849
1225,0.0234684
1226,0.96943
1227,0.970808
1228,0.970803
1229,0.740403
1230,0.932101
1231,0.0513948
1232,0.954948
1233,0.045334
1234,0.0233615
1235,0.970506
1236,0.970545
1237,0.966085
1238,0.0304513
1239,0.899273
1240,0.962659
1241,0.140737
1242,0.0311748
1243,0.927802
1244,0.957291
1245,0.970223
1246,0.969103
1247,0.822591
1248,0.126998
1249,0.0628156
1250,0.65502
1251,0.0289807
1252,0.927969
1253,0.0304894
1254,0.766103
1255,0.0232238
1256,0.0215413
1257,0.854157
1258,0.0701893
1259,0.965505
1260,0.839997
1261,0.0248716
1262,0.855364
1263,0.970789
1264,0.204248
1265,0.138007
1266,0.900933
1267,0.93739
1268,0.958422
1269,0.854656
1270,0.316505
1271,0.0268954
1272,0.0757885
1273,0.966493
1274,0.436333
1275,0.970801
1276,0.970809
1277,0.953023
1278,0.082879
1279,0.970808
1280,0.956948
1281,0.699179
1282,0.970807
1283,0.866849
1284,0.967704
1285,0.0244136
1286,0.965684
1287,0.970465
1288,0.390307
1289,0.970993
1290,0.970795
1291,0.106019
1292,0.954861
1293,0.9707
1294,0.26817
1295,0.961811
1296,0.938593
1297,0.0246937
1298,0.395842
1299,0.96955
1300,0.885264
1301,0.970795
1302,0.966583
1303,0.970809
1304,0.970807
1305,0.11406
1306,0.0562584
1307,0.860622
1308,0.958852
1309,0.840706
1310,0.950691
1311,0.87701
1312,0.890544
1313,0.310917
1314,0.672725
1315,0.0265035
1316,0.0212471
1317,0.0498732
1318,0.711003
1319,0.159433
1320,0.629009
1321,0.029868
1322,0.0384315
1323,0.124721
1324,0.605953
1325,0.0829212
1326,0.939581
1327,0.875565
1328,0.193378
1329,0.860897
1330,0.953255
1331,0.901695
1332,0.852439
1333,0.94742
1334,0.804503
1335,0.241395
1336,0.94915
1337,0.762113
1338,0.464422
1339,0.908083
1340,0.969696
1341,0.922275
1342,0.0554401
1343,0.850546
1344,0.0847368
1345,0.180501
1346,0.0267091
1347,0.0274178
1348,0.0436573
1349,0.897568
1350,0.022944
1351,0.934414
1352,0.0877025
1353,0.0818914
1354,0.0198292
1355,0.0492072
1356,0.58341
1357,0.2207
1358,0.0858629
1359,0.324407
1360,0.933816
1361,0.0370919
1362,0.16559
1363,0.279064
1364,0.858666
1365,0.0320352
1366,0.0212576
1367,0.928329
1368,0.167151
1369,0.854129
1370,0.0241433
1371,0.0422904
1372,0.936656
1373,0.883685
1374,0.146797
1375,0.0980232
1376,0.0552737
1377,0.105424
1378,0.0358613
1379,0.939002
1380,0.97079
1381,0.967063
1382,0.940037
1383,0.961887
1384,0.0710708
1385,0.812764
1386,0.0359228
1387,0.0627616
1388,0.0346783
1389,0.0796709
1390,0.942272
1391,0.129786
1392,0.0201119
1393,0.772721
1394,0.93512
1395,0.923873
1396,0.92377
1397,0.937698
1398,0.970809
1399,0.203717
1400,0.0470035
1401,0.515696
1402,0.818429
1403,0.0203117
1404,0.0849103
1405,0.028078
1406,0.932317
1407,0.970396
1408,0.0420622
1409,0.0243244
1410,0.970662
1411,0.965436
1412,0.414071
1413,0.970777
1414,0.969513
1415,0.961585
1416,0.970809
1417,0.897997
1418,0.0559397
1419,0.948913
1420,0.293814
1421,0.0328422
1422,0.0372792
1423,0.0207273
1424,0.9662
1425,0.0198521
1426,0.0248697
1427,0.0506644
1428,0.940731
1429,0.0913497
1430,0.0529374
1431,0.925964
1432,0.793656
1433,0.0826442
1434,0.939326
1435,0.964608
1436,0.970801
1437,0.970809
1438,0.937796
1439,0.970668
1440,0.029115
1441,0.201809
1442,0.038954
1443,0.0387599
1444,0.0695151
1445,0.0783051
1446,0.861208
1447,0.965386
1448,0.959425
1449,0.339966
1450,0.970804
1451,0.694355
1452,0.94849
1453,0.970744
1454,0.0228905
1455,0.0420042
1456,0.0413865
1457,0.930794
1458,0.864971
1459,0.925072
1460,0.946352
1461,0.12547
1462,0.390621
1463,0.933676
1464,0.944955
1465,0.0620616
1466,0.0797844
1467,0.969545
1468,0.124767
1469,0.870562
1470,0.0373569
1471,0.0821266
1472,0.958654
1473,0.944353
1474,0.0282802
1475,0.873998
1476,0.949012
1477,0.0309907
1478,0.0531269
1479,0.10874
1480,0.0670605
1481,0.938869
1482,0.0609367
1483,0.0941594
1484,0.970751
1485,0.560544
1486,0.970033
1487,0.186635
1488,0.0258078
1489,0.956371
1490,0.816947
1491,0.0239197
1492,0.965137
1493,0.0485496
1494,0.965938
1495,0.936691
1496,0.0390457
1497,0.964327
1498,0.935695
1499,0.970804
1500,0.922647
1501,0.0290971
1502,0.446158
1503,0.0243738
1504,0.865628
1505,0.0242321
1506,0.891082
1507,0.0561853
1508,0.963691
1509,0.893411
1510,0.72622
1511,0.0886931
1512,0.971227
1513,0.969638
1514,0.12326
1515,0.112793
1516,0.669532
1517,0.605213
1518,0.0196473
1519,0.0271354
1520,0.970795
1521,0.904384
1522,0.971921
1523,0.0545886
1524,0.966675
1525,0.955766
1526,0.0339937
1527,0.252866
1528,0.947345
1529,0.865526
1530,0.970438
1531,0.89393
1532,0.0267162
1533,0.0292506
1534,0.961025
1535,0.0202884
1536,0.940778
1537,0.906526
1538,0.0239768
1539,0.102801
1540,0.932556
1541,0.749687
1542,0.112534
1543,0.0893634
1544,0.956106
1545,0.965593
1546,0.944049
1547,0.971923
1548,0.61364
1549,0.0286694
1550,0.0272944
1551,0.0209851
1552,0.0277611
1553,0.0522038
1554,0.0220992
1555,0.068142
1556,0.811043
1557,0.102633
1558,0.168138
1559,0.942571
1560,0.221506
1561,0.778005
1562,0.934399
1563,0.931385
1564,0.692039
1565,0.942322
1566,0.0199085
1567,0.653329
1568,0.272318
1569,0.32129
1570,0.753133
1571,0.0764334
1572,0.255022
1573,0.93159
1574,0.94758
1575,0.970809
1576,0.966015
1577,0.730765
1578,0.0245797
1579,0.249968
1580,0.969337
1581,0.0426782
1582,0.0718764
1583,0.96524
1584,0.822407
1585,0.656856
1586,0.921989
1587,0.970782
1588,0.278672
1589,0.937739
1590,0.93742
1591,0.0536281
1592,0.840099
1593,0.932172
1594,0.0223676
1595,0.0212033
1596,0.0332891
1597,0.971116
1598,0.970631
1599,0.0355802
1600,0.798126
1601,0.337435
1602,0.740552
1603,0.749335
1604,0.961768
1605,0.0248094
1606,0.970809
1607,0.93783
1608,0.947379
1609,0.941105
1610,0.940793
1611,0.881044
1612,0.967843
1613,0.0461788
1614,0.970808
1615,0.956762
1616,0.609878
1617,0.148731
1618,0.875636
1619,0.970552
1620,0.969104
1621,0.953214
1622,0.751046
1623,0.0771348
1624,0.0666047
1625,0.0206531
1626,0.0213321
1627,0.052068
1628,0.969924
1629,0.949025
1630,0.869298
1631,0.652541
1632,0.337441
1633,0.569554
1634,0.0209813
1635,0.0257288
1636,0.0196475
1637,0.0738407
1638,0.951224
1639,0.956195
1640,0.34235
1641,0.0347497
1642,0.9708
1643,0.946622
1644,0.910917
1645,0.0720266
1646,0.969214
1647,0.713823
1648,0.949841
1649,0.970412
1650,0.943371
1651,0.969407
1652,0.0199851
1653,0.958273
1654,0.866809
1655,0.964294
1656,0.434511
1657,0.923128
1658,0.0472118
1659,0.970809
1660,0.970808
1661,0.255652
1662,0.883421
1663,0.489419
1664,0.0206289
1665,0.0247156
1666,0.272379
1667,0.795182
1668,0.970807
1669,0.95106
1670,0.140576
1671,0.940383
1672,0.970826
1673,0.502119
1674,0.137426
1675,0.21247
1676,0.252245
1677,0.967401
1678,0.618726
1679,0.0212866
1680,0.927034
1681,0.735813
1682,0.715626
1683,0.970808
1684,0.0213791
1685,0.259839
1686,0.0258145
1687,0.0538621
1688,0.932345
1689,0.733571
1690,0.630205
1691,0.101161
1692,0.362911
1693,0.81209
1694,0.551618
1695,0.0638787
1696,0.798608
1697,0.955002
1698,0.0252247
1699,0.952279
1700,0.0493344
1701,0.156612
1702,0.969854
1703,0.211507
1704,0.0245891
1705,0.497758
1706,0.323404
1707,0.943029
1708,0.728387
1709,0.360906
1710,0.151626
1711,0.0240572
1712,0.0249138
1713,0.833008
1714,0.0365773
1715,0.030973
1716,0.966677
1717,0.0254671
1718,0.0207762
1719,0.262209
1720,0.901275
1721,0.224136
1722,0.913516
1723,0.947241
1724,0.0227697
1725,0.880741
1726,0.0229629
1727,0.970317
1728,0.691856
1729,0.955766
1730,0.937881
1731,0.029798
1732,0.891108
1733,0.0382613
1734,0.0920051
1735,0.920052
1736,0.0914536
1737,0.968974
1738,0.937893
1739,0.896268
1740,0.462576
1741,0.349092
1742,0.0269241
1743,0.0199283
1744,0.97081
1745,0.438426
1746,0.968966
1747,0.780399
1748,0.063565
1749,0.0627887
1750,0.970801
1751,0.0322753
1752,0.0215754
1753,0.929224
1754,0.888567
1755,0.970751
1756,0.046294
1757,0.939253
1758,0.686206
1759,0.887218
1760,0.887914
1761,0.473653
1762,0.96563
1763,0.970078
1764,0.946417
1765,0.0375508
1766,0.934719
1767,0.158332
1768,0.951878
1769,0.691478
1770,0.15346
1771,0.970742
1772,0.708035
1773,0.948002
1774,0.301493
1775,0.0276942
1776,0.939336
1777,0.038905
1778,0.749073
1779,0.0319728
1780,0.0229566
1781,0.630467
1782,0.205262
1783,0.233233
1784,0.970806
1785,0.0315841
1786,0.970375
1787,0.867787
1788,0.029897
1789,0.944649
1790,0.0216994
1791,0.144236
1792,0.970744
1793,0.104937
1794,0.792188
1795,0.78909
1796,0.0929845
1797,0.165521
1798,0.0208539
1799,0.0432683
1800,0.970218
1801,0.0444655
1802,0.0207303
1803,0.957658
1804,0.024027
1805,0.970808
1806,0.0880881
1807,0.857494
1808,0.97062
1809,0.0440978
1810,0.0667583
1811,0.0521044
1812,0.0866306
1813,0.955437
1814,0.0218123
1815,0.970809
1816,0.0227726
1817,0.969466
1818,0.266724
1819,0.91836
1820,0.901487
1821,0.516125
1822,0.920787
1823,0.945581
1824,0.361764
1825,0.970809
1826,0.970324
1827,0.894639
1828,0.029083
1829,0.370491
1830,0.0699857
1831,0.724437
1832,0.946804
1833,0.0739291
1834,0.0494759
1835,0.939507
1836,0.941346
1837,0.0219587
1838,0.168634
1839,0.604849
1840,0.861905
1841,0.963185
1842,0.147862
1843,0.93876
1844,0.93653
1845,0.923885
1846,0.970707
1847,0.969463
1848,0.03195
1849,0.92897
1850,0.544866
1851,0.937602
1852,0.0224401
1853,0.911355
1854,0.970751
1855,0.932049
1856,0.024132
1857,0.614591
1858,0.258401
1859,0.22962
1860,0.176184
1861,0.0423581
1862,0.173765
1863,0.0299018
1864,0.0272703
1865,0.0289463
1866,0.136873
1867,0.945986
1868,0.0568337
1869,0.857481
1870,0.386084
1871,0.0619206
1872,0.20185
1873,0.970792
1874,0.0201505
1875,0.907299
1876,0.0807135
1877,0.0231523
1878,0.936658
1879,0.0424374
1880,0.499441
1881,0.9058
1882,0.876931
1883,0.0858013
1884,0.936033
1885,0.023279
1886,0.0200573
1887,0.0239963
1888,0.0389478
1889,0.933807
1890,0.102347
1891,0.132685
1892,0.958989
1893,0.0944657
1894,0.723793
1895,0.0221864
1896,0.949625
1897,0.966024
1898,0.144089
1899,0.825115
1900,0.7859
1901,0.0211617
1902,0.90768
1903,0.85571
1904,0.256288
1905,0.943128
1906,0.0355645
1907,0.813292
1908,0.0770711
1909,0.125077
1910,0.97029
1911,0.18129
1912,0.937804
1913,0.961
1914,0.965747
1915,0.670627
1916,0.0208024
1917,0.102086
1918,0.351814
1919,0.121907
1920,0.0341186
1921,0.919647
1922,0.0319984
1923,0.709846
1924,0.970278
1925,0.9511
1926,0.100673
1927,0.945278
1928,0.0540273
1929,0.62753
1930,0.126419
1931,0.0384177
1932,0.959668
1933,0.42815
1934,0.59135
1935,0.970361
1936,0.970922
1937,0.28716
1938,0.0856514
1939,0.967206
1940,0.0774348
1941,0.945382
1942,0.961583
1943,0.3561
1944,0.970535
1945,0.283632
1946,0.970675
1947,0.0210142
1948,0.0223609
1949,0.0327122
1950,0.137204
1951,0.0300562
1952,0.970703
1953,0.220082
1954,0.851972
1955,0.939843
1956,0.86378
1957,0.937124
1958,0.30906
1959,0.970791
1960,0.198898
1961,0.04259
1962,0.917505
1963,0.965958
1964,0.971291
1965,0.755643
1966,0.946772
1967,0.918984
1968,0.885072
1969,0.0312851
1970,0.173431
1971,0.0456134
1972,0.0480942
1973,0.931271
1974,0.041807
1975,0.97027
1976,0.0620734
1977,0.0208617
1978,0.0428893
1979,0.0263353
1980,0.862443
1981,0.173957
1982,0.898468
1983,0.215725
1984,0.0781028
1985,0.924991
1986,0.0206333
1987,0.0653204
1988,0.0438157
1989,0.188586
1990,0.89922
1991,0.0889803
1992,0.0272528
1993,0.936504
1994,0.939576
1995,0.76652
1996,0.0196647
1997,0.966103
1998,0.970808
1999,0.67637
2000,0.941115
2001,0.948376
2002,0.137969
2003,0.0235777
2004,0.560709
2005,0.72675
2006,0.721141
2007,0.662494
2008,0.292624
2009,0.970806
2010,0.753395
2011,0.655701
2012,0.664873
2013,0.956627
2014,0.29167
2015,0.0385872
2016,0.860886
2017,0.947897
2018,0.970633
2019,0.968953
2020,0.937829
2021,0.971923
2022,0.641992
2023,0.0345221
2024,0.165913
2025,0.0327503
2026,0.816307
2027,0.794676
2028,0.121847
2029,0.668579
2030,0.0228536
2031,0.939285
2032,0.528734
2033,0.0470512
2034,0.0237694
2035,0.947447
2036,0.970753
2037,0.363816
2038,0.192354
2039,0.536762
2040,0.923241
2041,0.192502
2042,0.254404
2043,0.157787
2044,0.913833
2045,0.954971
2046,0.970564
2047,0.542757
2048,0.912365
2049,0.968475
2050,0.0436397
2051,0.677028
2052,0.96915
2053,0.966812
2054,0.444429
2055,0.860838
2056,0.110885
2057,0.147012
2058,0.10111
2059,0.292913
2060,0.922581
2061,0.698715
2062,0.915595
2063,0.248795
2064,0.858142
2065,0.75862
2066,0.802497
2067,0.122474
2068,0.835221
2069,0.48877
2070,0.937728
2071,0.0624922
2072,0.0302884
2073,0.204794
2074,0.105617
2075,0.783911
2076,0.196705
2077,0.0512285
2078,0.0221662
2079,0.83546
2080,0.29538
2081,0.970789
2082,0.375594
2083,0.940534
2084,0.873672
2085,0.969525
2086,0.970809
2087,0.257566
2088,0.920577
2089,0.0448234
2090,0.0269037
2091,0.913492
2092,0.933676
2093,0.219754
2094,0.841898
2095,0.0231826
2096,0.959072
2097,0.941785
2098,0.086081
2099,0.821743
2100,0.343635
2101,0.0221344
2102,0.140532
2103,0.038851
2104,0.223789
2105,0.970809
2106,0.0337719
2107,0.825017
2108,0.0339625
2109,0.0213634
2110,0.952124
2111,0.0244589
2112,0.0688655
2113,0.0602044
2114,0.407446
2115,0.374158
2116,0.890999
2117,0.917953
2118,0.0212846
2119,0.481541
2120,0.882196
2121,0.962677
2122,0.377533
2123,0.922869
2124,0.46531
2125,0.0672721
2126,0.970809
2127,0.205346
2128,0.073855
2129,0.720055
2130,0.0416359
2131,0.678488
2132,0.183539
2133,0.0197998
2134,0.947807
2135,0.930978
2136,0.9698
2137,0.0368655
2138,0.186381
2139,0.0241154
2140,0.834293
2141,0.12959
2142,0.0781313
2143,0.963535
2144,0.965842
2145,0.0352896
2146,0.049681
2147,0.0377135
2148,0.0249763
2149,0.959789
2150,0.418099
2151,0.946237
2152,0.94855
2153,0.127388
2154,0.738163
2155,0.945142
2156,0.0217203
2157,0.960834
2158,0.844194
2159,0.0303842
2160,0.954277
2161,0.0201814
2162,0.935142
2163,0.928376
2164,0.0579658
2165,0.0366072
2166,0.0234247
2167,0.0823901
2168,0.861253
2169,0.932852
2170,0.0440943
2171,0.100031
2172,0.896018
2173,0.023559
2174,0.0676809
2175,0.969888
2176,0.957265
2177,0.95986
2178,0.0563644
2179,0.0905511
2180,0.970808
2181,0.80444
2182,0.968213
2183,0.220319
2184,0.916543
2185,0.848111
2186,0.0977789
2187,0.938958
2188,0.095133
2189,0.957288
2190,0.022436
2191,0.970761
2192,0.970758
2193,0.0267322
2194,0.0728667
2195,0.0582779
2196,0.0307022
2197,0.97079
2198,0.544322
2199,0.970774
2200,0.969721
2201,0.937492
2202,0.0666804
2203,0.0520943
2204,0.93674
2205,0.648207
2206,0.275471
2207,0.029223
2208,0.0579791
2209,0.128379
2210,0.959631
2211,0.895378
2212,0.942971
2213,0.0945932
2214,0.849376
2215,0.10549
2216,0.916933
2217,0.613168
2218,0.97018
2219,0.0643745
2220,0.0818239
2221,0.970706
2222,0.154677
2223,0.0698306
2224,0.97081
2225,0.930441
2226,0.200939
2227,0.76625
2228,0.127048
2229,0.864623
2230,0.958017
2231,0.0723888
2232,0.0277346
2233,0.0557005
2234,0.937286
2235,0.0241045
2236,0.852318
2237,0.948413
2238,0.027179
2239,0.0386596
2240,0.0246354
2241,0.876453
2242,0.79702
2243,0.970777
2244,0.971764
2245,0.389325
2246,0.0235679
2247,0.387185
2248,0.965652
2249,0.186631
2250,0.054213
2251,0.959237
2252,0.930697
2253,0.0385438
2254,0.538511
2255,0.558922
2256,0.655269
2257,0.110559
2258,0.029302
2259,0.0762335
2260,0.150761
2261,0.953375
2262,0.939972
2263,0.924754
2264,0.0355267
2265,0.214057
2266,0.0227418
2267,0.541416
2268,0.968044
2269,0.0295275
2270,0.0367836
2271,0.961449
2272,0.733157
2273,0.93824
2274,0.0555165
2275,0.104583
2276,0.936814
2277,0.213926
2278,0.0197295
2279,0.92196
2280,0.921614
2281,0.947573
2282,0.907373
2283,0.970609
2284,0.108823
2285,0.865366
2286,0.964752
2287,0.970622
2288,0.0249305
2289,0.576014
2290,0.970075
2291,0.219015
2292,0.786228
2293,0.96801
2294,0.752788
2295,0.970806
2296,0.642886
2297,0.0232351
2298,0.0326624
2299,0.935569
2300,0.0225304
2301,0.129943
2302,0.629247
2303,0.970806
2304,0.0858797
2305,0.662617
2306,0.036744
2307,0.913773
2308,0.0894674
2309,0.0342069
2310,0.965619
2311,0.709209
2312,0.97031
2313,0.0340619
2314,0.97055
2315,0.882885
2316,0.133398
2317,0.179941
2318,0.968628
2319,0.967913
2320,0.970761
2321,0.891543
2322,0.0261549
2323,0.0227197
2324,0.0238759
2325,0.647659
2326,0.0941385
2327,0.0566378
2328,0.0418354
2329,0.938455
2330,0.0508614
2331,0.932494
2332,0.919867
2333,0.40394
2334,0.970436
2335,0.935919
2336,0.970808
2337,0.226258
2338,0.489243
2339,0.0364043
2340,0.970774
2341,0.899132
2342,0.39197
2343,0.0286646
2344,0.0872631
2345,0.522772
2346,0.944669
2347,0.0559524
2348,0.191214
2349,0.266927
2350,0.951004
2351,0.970252
2352,0.769968
2353,0.0474146
2354,0.970762
2355,0.947632
2356,0.787338
2357,0.898316
2358,0.944736
2359,0.970783
2360,0.689868
2361,0.966453
2362,0.919342
2363,0.955479
2364,0.907268
2365,0.941984
2366,0.960791
2367,0.94371
2368,0.617581
2369,0.785432
2370,0.041131
2371,0.22185
2372,0.801316
2373,0.188495
2374,0.949176
2375,0.74861
2376,0.0351355
2377,0.035534
2378,0.065036
2379,0.909906
2380,0.028634
2381,0.0235584
2382,0.659182
2383,0.0516016
2384,0.606085
2385,0.82126
2386,0.524807
2387,0.934249
2388,0.0847057
2389,0.970661
2390,0.867553
2391,0.925
2392,0.970808
2393,0.970803
2394,0.892344
2395,0.210948
2396,0.669424
2397,0.048137
2398,0.131826
2399,0.966707
2400,0.0207442
2401,0.970809
2402,0.0279327
2403,0.969784
2404,0.136709
2405,0.970359
2406,0.703931
2407,0.933976
2408,0.202744
2409,0.37642
2410,0.0441121
2411,0.932313
2412,0.058596
2413,0.521092
2414,0.0247613
2415,0.655037
2416,0.124906
2417,0.970945
2418,0.409933
2419,0.0932632
2420,0.866581
2421,0.0426813
2422,0.0455602
2423,0.970808
2424,0.948229
2425,0.937204
2426,0.970743
2427,0.970414
2428,0.22595
2429,0.966126
2430,0.0298785
2431,0.679069
2432,0.970688
2433,0.0290855
2434,0.820546
2435,0.0252851
2436,0.153798
2437,0.970523
2438,0.0423497
2439,0.494033
2440,0.948512
2441,0.6785
2442,0.924696
2443,0.0566367
2444,0.0506368
2445,0.970761
2446,0.970571
2447,0.966883
2448,0.962337
2449,0.959412
2450,0.962831
2451,0.825827
2452,0.0241895
2453,0.628384
2454,0.889072
2455,0.456578
2456,0.0895958
2457,0.0267646
2458,0.0420372
2459,0.919766
2460,0.0590656
2461,0.0207047
2462,0.0217487
2463,0.380088
2464,0.965733
2465,0.174571
2466,0.0232391
2467,0.033193
2468,0.969549
2469,0.170628
2470,0.970528
2471,0.967925
2472,0.962481
2473,0.937916
2474,0.948351
2475,0.932847
2476,0.0239732
2477,0.0206826
2478,0.0222203
2479,0.121907
2480,0.938456
2481,0.0791862
2482,0.0234418
2483,0.032567
2484,0.922459
2485,0.0238779
2486,0.91138
2487,0.0336726
2488,0.969685
2489,0.936175
2490,0.0392546
2491,0.0197303
2492,0.427266
2493,0.932722
2494,0.578234
2495,0.93633
2496,0.876332
2497,0.793275
2498,0.0279247
2499,0.970808
2500,0.947454
2501,0.783491
2502,0.140513
2503,0.969568
2504,0.0915492
2505,0.117261
2506,0.0325315
2507,0.203573
2508,0.489655
2509,0.367905
2510,0.0324739
2511,0.970467
2512,0.970811
2513,0.0486103
2514,0.0558999
2515,0.922025
2516,0.74675
2517,0.861353
2518,0.0282191
2519,0.970607
2520,0.100331
2521,0.0348411
2522,0.0256072
2523,0.946119
2524,0.970185
2525,0.0381526
2526,0.10456
2527,0.0333568
2528,0.944315
2529,0.104371
2530,0.0267368
2531,0.937317
2532,0.0231732
2533,0.0448392
2534,0.0286429
2535,0.0260673
2536,0.804588
2537,0.0304698
2538,0.955488
2539,0.224288
2540,0.0204463
2541,0.893471
2542,0.951745
2543,0.86614
2544,0.970405
2545,0.59779
2546,0.0331477
2547,0.022169
2548,0.0248756
2549,0.33757
2550,0.0488074
2551,0.0270538
2552,0.250791
2553,0.970856
2554,0.912557
2555,0.943996
2556,0.92492
2557,0.0202738
2558,0.0357953
2559,0.0426292
2560,0.404694
2561,0.937177
2562,0.244605
2563,0.970805
2564,0.967263
2565,0.713933
2566,0.90758
2567,0.310342
2568,0.38612
2569,0.970797
2570,0.0222914
2571,0.952733
2572,0.227338
2573,0.953152
2574,0.942689
2575,0.0256955
2576,0.0283414
2577,0.970806
2578,0.958381
2579,0.304
2580,0.953338
2581,0.403105
2582,0.156148
2583,0.334145
2584,0.955252
2585,0.0451065
2586,0.0453549
2587,0.0238017
2588,0.113568
2589,0.97065
2590,0.0542217
2591,0.970753
2592,0.946844
2593,0.922618
2594,0.0664173
2595,0.670705
2596,0.821903
2597,0.660919
2598,0.936415
2599,0.0304297
2600,0.840454
2601,0.121907
2602,0.0334104
2603,0.0286862
2604,0.549321
2605,0.0400054
2606,0.121907
2607,0.927117
2608,0.489789
2609,0.0227948
2610,0.052245
2611,0.132566
2612,0.938875
2613,0.0499066
2614,0.934803
2615,0.938083
2616,0.229404
2617,0.93901
2618,0.916042
2619,0.954856
2620,0.936483
2621,0.0287978
2622,0.332521
2623,0.9708
2624,0.925388
2625,0.042821
2626,0.970809
2627,0.237139
2628,0.970809
2629,0.494933
2630,0.0445776
2631,0.0825982
2632,0.202687
2633,0.782906
2634,0.118829
2635,0.0204157
2636,0.970798
2637,0.0285176
2638,0.894691
2639,0.0485295
2640,0.969984
2641,0.0704662
2642,0.0470785
2643,0.816162
2644,0.0725411
2645,0.0272758
2646,0.0317076
2647,0.534277
2648,0.0914199
2649,0.120163
2650,0.957618
2651,0.839941
2652,0.0671939
2653,0.210198
2654,0.0442425
2655,0.796604
2656,0.918622
2657,0.0305455
2658,0.0295617
2659,0.022915
2660,0.968724
2661,0.893278
2662,0.0506774
2663,0.946607
2664,0.88055
2665,0.0993396
2666,0.825649
2667,0.0428377
2668,0.320528
2669,0.428677
2670,0.0204247
2671,0.191146
2672,0.373102
2673,0.963526
2674,0.16631
2675,0.181011
2676,0.950602
2677,0.810203
2678,0.0642146
2679,0.0229675
2680,0.969834
2681,0.970803
2682,0.0386124
2683,0.0287945
2684,0.759161
2685,0.970809
2686,0.485924
2687,0.0419664
2688,0.461121
2689,0.519184
2690,0.745366
2691,0.970809
2692,0.93642
2693,0.0240212
2694,0.0872042
2695,0.970719
2696,0.323329
2697,0.0223202
2698,0.0737602
2699,0.967136
2700,0.104824
2701,0.0689777
2702,0.0583999
2703,0.0704754
2704,0.875052
2705,0.0378796
2706,0.0582916
2707,0.934314
2708,0.896348
2709,0.101815
2710,0.970809
2711,0.0839205
2712,0.0407265
2713,0.73303
2714,0.97081
2715,0.970803
2716,0.186296
2717,0.114988
2718,0.970809
2719,0.0459152
2720,0.970799
2721,0.934143
2722,0.110581
2723,0.969833
2724,0.0354576
2725,0.0995833
2726,0.952228
2727,0.025984
2728,0.715566
2729,0.939587
2730,0.0536279
2731,0.671422
2732,0.853826
2733,0.184713
2734,0.970809
2735,0.946677
2736,0.157479
2737,0.0317316
2738,0.346156
2739,0.312823
2740,0.0254978
2741,0.0225506
2742,0.0624307
2743,0.0349648
2744,0.937363
2745,0.970353
2746,0.239815
2747,0.970326
2748,0.0316955
2749,0.115236
2750,0.041161
2751,0.766421
2752,0.033095
2753,0.94733
2754,0.712098
2755,0.143988
2756,0.915255
2757,0.186433
2758,0.0211586
2759,0.970808
2760,0.73154
2761,0.18874
2762,0.602932
2763,0.970753
2764,0.798586
2765,0.222845
2766,0.955487
2767,0.891545
2768,0.177915
2769,0.902631
2770,0.0224759
2771,0.896969
2772,0.866375
2773,0.924058
2774,0.0298697
2775,0.659971
2776,0.874597
2777,0.961184
2778,0.961933
2779,0.0343448
2780,0.941109
2781,0.0285209
2782,0.952966
2783,0.188751
2784,0.748245
2785,0.0795004
2786,0.0525769
2787,0.0290719
2788,0.0934448
2789,0.0262819
2790,0.0316084
2791,0.0280023
2792,0.970518
2793,0.0410248
2794,0.183144
2795,0.967964
2796,0.0222992
2797,0.0562467
2798,0.769196
2799,0.0414981
2800,0.842917
2801,0.96189
2802,0.887709
2803,0.91361
2804,0.09164
2805,0.0778328
2806,0.0363686
2807,0.883363
2808,0.0585178
2809,0.942423
2810,0.967165
2811,0.680417
2812,0.968279
2813,0.909373
2814,0.970809
2815,0.709899
2816,0.183814
2817,0.825441
2818,0.0263515
2819,0.122293
2820,0.140716
2821,0.935564
2822,0.954566
2823,0.0603891
2824,0.833047
2825,0.775761
2826,0.909767
2827,0.0306226
2828,0.969819
2829,0.0214008
2830,0.89901
2831,0.0427127
2832,0.970739
2833,0.0303502
2834,0.795586
2835,0.34051
2836,0.593969
2837,0.0539569
2838,0.115093
2839,0.936336
2840,0.0343109
2841,0.969798
2842,0.7746
2843,0.0250412
2844,0.958818
2845,0.124724
2846,0.552544
2847,0.878884
2848,0.0625141
2849,0.797619
2850,0.937103
2851,0.740186
2852,0.846985
2853,0.917633
2854,0.966801
2855,0.104768
2856,0.0464246
2857,0.966451
2858,0.0199671
2859,0.651382
2860,0.0862865
2861,0.757059
2862,0.715233
2863,0.0238385
2864,0.687062
2865,0.0296718
2866,0.970762
2867,0.19341
2868,0.0493873
2869,0.0632838
2870,0.0305698
2871,0.0642007
2872,0.745482
2873,0.0525346
2874,0.0434207
2875,0.943246
2876,0.90921
2877,0.968958
2878,0.587715
2879,0.934048
2880,0.0255351
2881,0.815159
2882,0.757644
2883,0.0218196
2884,0.023514
2885,0.970784
2886,0.0524241
2887,0.499508
2888,0.969353
2889,0.945692
2890,0.970806
2891,0.0329133
2892,0.0294897
2893,0.585646
2894,0.0274864
2895,0.288512
2896,0.934249
2897,0.0233975
2898,0.135067
2899,0.0441644
2900,0.971022
2901,0.935809
2902,0.0200032
2903,0.0197338
2904,0.0468996
2905,0.67134
2906,0.947036
2907,0.944991
2908,0.0249353
2909,0.0449547
2910,0.522636
2911,0.949366
2912,0.0285152
2913,0.811745
2914,0.969944
2915,0.601117
2916,0.970809
2917,0.0214725
2918,0.622553
2919,0.970389
2920,0.0270933
2921,0.0415445
2922,0.0228227
2923,0.902591
2924,0.140328
2925,0.0362889
2926,0.964941
2927,0.115015
2928,0.0201711
2929,0.937706
2930,0.9708
2931,0.321732
2932,0.711472
2933,0.0446161
2934,0.970809
2935,0.0833451
2936,0.0236059
2937,0.0309338
2938,0.0411863
2939,0.966703
2940,0.148164
2941,0.407091
2942,0.0260619
2943,0.027118
2944,0.317485
2945,0.937654
2946,0.0281423
2947,0.957758
2948,0.958321
2949,0.92518
2950,0.102923
2951,0.0621325
2952,0.195634
2953,0.147482
2954,0.0260461
2955,0.120231
2956,0.0271415
2957,0.915845
2958,0.631615
2959,0.899275
2960,0.954912
2961,0.202914
2962,0.943045
2963,0.87312
2964,0.16598
2965,0.970809
2966,0.537299
2967,0.588678
2968,0.934326
2969,0.0835898
2970,0.0283784
2971,0.0198816
2972,0.950921
2973,0.0867759
2974,0.269039
2975,0.0234735
2976,0.0495739
2977,0.077837
2978,0.0314863
2979,0.0306539
2980,0.969187
2981,0.0237981
2982,0.0736696
2983,0.861095
2984,0.0701162
2985,0.415238
2986,0.762467
2987,0.0219642
2988,0.0820189
2989,0.0261407
2990,0.936013
2991,0.276312
2992,0.0582478
2993,0.0377007
2994,0.970783
2995,0.0394538
2996,0.150505
2997,0.0224814
2998,0.188989
2999,0.121907
3000,0.0442462
3001,0.047706
3002,0.177288
3003,0.877083
3004,0.0206821
3005,0.944195
3006,0.938184
3007,0.121907
3008,0.0415936
3009,0.0742202
3010,0.0413014
3011,0.0230009
3012,0.257773
3013,0.0769987
3014,0.739362
3015,0.0251363
3016,0.0566717
3017,0.937957
3018,0.825628
3019,0.3756
3020,0.0415056
3021,0.970807
3022,0.0827424
3023,0.0975256
3024,0.0403306
3025,0.0198402
3026,0.0246541
3027,0.0310419
3028,0.0261809
3029,0.117577
3030,0.0359948
3031,0.967908
3032,0.273929
3033,0.20083
3034,0.928819
3035,0.946641
3036,0.970657
3037,0.936318
3038,0.970504
3039,0.116766
3040,0.0240842
3041,0.362016
3042,0.957416
3043,0.0208281
3044,0.727619
3045,0.0572489
3046,0.891593
3047,0.190477
3048,0.10041
3049,0.332473
3050,0.925637
3051,0.947246
3052,0.0351235
3053,0.0420387
3054,0.0335591
3055,0.155263
3056,0.0250355
3057,0.10742
3058,0.102232
3059,0.488623
3060,0.929986
3061,0.937809
3062,0.137518
3063,0.452109
3064,0.970337
3065,0.962569
3066,0.0788025
3067,0.686173
3068,0.907866
3069,0.0385865
3070,0.359806
3071,0.971591
3072,0.130451
3073,0.970774
3074,0.0241712
3075,0.149932
3076,0.0378394
3077,0.082038
3078,0.970809
3079,0.0284811
3080,0.948436
3081,0.628788
3082,0.83648
3083,0.487348
3084,0.969203
3085,0.935592
3086,0.941701
3087,0.956321
3088,0.613262
3089,0.0198827
3090,0.021102
3091,0.941024
3092,0.931897
3093,0.95251
3094,0.0205786
3095,0.0318261
3096,0.0222656
3097,0.620418
3098,0.0424683
3099,0.938731
3100,0.0524004
3101,0.969142
3102,0.556933
3103,0.0785035
3104,0.0244929
3105,0.938376
3106,0.934249
3107,0.927683
3108,0.802858
3109,0.821689
3110,0.970805
3111,0.912774
3112,0.16674
3113,0.96651
3114,0.961112
3115,0.75082
3116,0.87343
3117,0.0200275
3118,0.463685
3119,0.241065
3120,0.0474571
3121,0.0295102
3122,0.0289173
3123,0.82599
3124,0.937772
3125,0.970808
3126,0.0774875
3127,0.0461929
3128,0.0882293
3129,0.0769697
3130,0.836722
3131,0.968612
3132,0.796545
3133,0.0586987
3134,0.0306268
3135,0.117012
3136,0.515498
3137,0.0366214
3138,0.0499124
3139,0.0908205
3140,0.556395
3141,0.149798
3142,0.197566
3143,0.970802
3144,0.970808
3145,0.0309996
3146,0.0245114
3147,0.0477009
3148,0.0432775
3149,0.937352
3150,0.183807
3151,0.465182
3152,0.0270178
3153,0.0542542
3154,0.865007
3155,0.0206472
3156,0.399347
3157,0.0472699
3158,0.0617768
3159,0.230793
3160,0.237005
3161,0.641807
3162,0.0196567
3163,0.048309
3164,0.0313386
3165,0.922037
3166,0.23984
3167,0.0759194
3168,0.292165
3169,0.0241272
3170,0.153556
3171,0.618697
3172,0.93775
3173,0.0286599
3174,0.0211532
3175,0.149745
3176,0.894083
3177,0.110447
3178,0.681717
3179,0.020092
3180,0.970401
3181,0.0825053
3182,0.146206
3183,0.0202048
3184,0.0618598
3185,0.0328065
3186,0.0700961
3187,0.887295
3188,0.295322
3189,0.0617035
3190,0.80255
3191,0.0222386
3192,0.89078
3193,0.0389647
3194,0.96355
3195,0.970807
3196,0.787071
3197,0.22634
3198,0.0297898
3199,0.0456342
3200,0.0559205
3201,0.0275398
3202,0.78904
3203,0.970692
3204,0.881929
3205,0.0257251
3206,0.95011
3207,0.945377
3208,0.0625701
3209,0.63029
3210,0.967399
3211,0.736349
3212,0.0294751
3213,0.8884
3214,0.160748
3215,0.0961639
3216,0.603597
3217,0.291412
3218,0.943836
3219,0.939229
3220,0.96921
3221,0.0323432
3222,0.0260171
3223,0.0498871
3224,0.934213
3225,0.804235
3226,0.941628
3227,0.0285947
3228,0.943029
3229,0.603351
3230,0.224258
3231,0.971923
3232,0.970809
3233,0.0276887
3234,0.0281261
3235,0.340992
3236,0.285276
3237,0.164096
3238,0.0389008
3239,0.356419
3240,0.955076
3241,0.0407167
3242,0.936883
3243,0.970964
3244,0.0339301
3245,0.851672
3246,0.0383103
3247,0.761151
3248,0.937778
3249,0.321883
3250,0.0329385
3251,0.944954
3252,0.0407119
3253,0.0326421
3254,0.970732
3255,0.963649
3256,0.0334056
3257,0.122462
3258,0.18101
3259,0.970808
3260,0.938573
3261,0.0264856
3262,0.0629943
3263,0.912064
3264,0.970453
3265,0.0626173
3266,0.9708
3267,0.1333
3268,0.337556
3269,0.947697
3270,0.319183
3271,0.282371
3272,0.030974
3273,0.0618892
3274,0.261674
3275,0.0246884
3276,0.756061
3277,0.053434
3278,0.0611698
3279,0.0484985
3280,0.0384002
3281,0.950854
3282,0.961576
3283,0.953148
3284,0.0658398
3285,0.917862
3286,0.779273
3287,0.724226
3288,0.0453821
3289,0.040016
3290,0.970808
3291,0.936661
3292,0.0376945
3293,0.0507797
3294,0.65225
3295,0.449182
3296,0.839732
3297,0.11288
3298,0.851828
3299,0.264683
3300,0.249113
3301,0.861583
3302,0.948278
3303,0.969769
3304,0.0647742
3305,0.932655
3306,0.970795
3307,0.93751
3308,0.970275
3309,0.9619
3310,0.188511
3311,0.087054
3312,0.0284255
3313,0.113854
3314,0.178902
3315,0.947575
3316,0.871126
3317,0.073219
3318,0.036926
3319,0.0275728
3320,0.022253
3321,0.672702
3322,0.0309242
3323,0.0209014
3324,0.0254973
3325,0.026656
3326,0.957186
3327,0.970587
3328,0.259114
3329,0.121907
3330,0.031994
3331,0.970721
3332,0.0208094
3333,0.0260933
3334,0.967413
3335,0.072832
3336,0.970366
3337,0.815889
3338,0.861827
3339,0.0335011
3340,0.937512
3341,0.81145
3342,0.263958
3343,0.873505
3344,0.0371654
3345,0.115812
3346,0.813637
3347,0.908497
3348,0.947281
3349,0.603569
3350,0.970808
3351,0.0229753
3352,0.312866
3353,0.0237874
3354,0.827727
3355,0.135093
3356,0.0240679
3357,0.0597267
3358,0.0490144
3359,0.0258586
3360,0.95832
3361,0.0412848
3362,0.124863
3363,0.0273789
3364,0.0344747
3365,0.970809
3366,0.297629
3367,0.861665
3368,0.97075
3369,0.931565
3370,0.723366
3371,0.969581
3372,0.0278339
3373,0.885901
3374,0.969449
3375,0.415826
3376,0.194607
3377,0.0521745
3378,0.0218865
3379,0.328338
3380,0.0251918
3381,0.923253
3382,0.20793
3383,0.715112
3384,0.916426
3385,0.952841
3386,0.023152
3387,0.045881
3388,0.970628
3389,0.910117
3390,0.0208026
3391,0.832026
3392,0.898684
3393,0.940702
3394,0.970346
3395,0.970751
3396,0.0237597
3397,0.963482
3398,0.158752
3399,0.954315
3400,0.92957
3401,0.970808
3402,0.922072
3403,0.950451
3404,0.296098
3405,0.934152
3406,0.0526794
3407,0.618694
3408,0.970789
3409,0.0240653
3410,0.023992
3411,0.970743
3412,0.969484
3413,0.947283
3414,0.598423
3415,0.810897
3416,0.706644
3417,0.678458
3418,0.877313
3419,0.0246332
3420,0.942463
3421,0.0345696
3422,0.0277012
3423,0.969618
3424,0.0592517
3425,0.652755
3426,0.31186
3427,0.0324045
3428,0.0355741
3429,0.165577
3430,0.0276
3431,0.880261
3432,0.315509
3433,0.121907
3434,0.0333893
3435,0.951686
3436,0.133104
3437,0.0913466
3438,0.0373742
3439,0.0675387
3440,0.938394
3441,0.0260304
3442,0.19906
3443,0.117792
3444,0.171391
3445,0.0264836
3446,0.32569
3447,0.0198267
3448,0.0752441
3449,0.121907
3450,0.970809
3451,0.970809
3452,0.167435
3453,0.934286
3454,0.0394392
3455,0.970809
3456,0.0715639
3457,0.970809
3458,0.969981
3459,0.502212
3460,0.172372
3461,0.970767
3462,0.121907
3463,0.487457
3464,0.338395
3465,0.340283
3466,0.970647
3467,0.0221276
3468,0.970399
3469,0.946433
3470,0.0745886
3471,0.0847509
3472,0.0799503
3473,0.0643814
3474,0.0474225
3475,0.0476255
3476,0.970806
3477,0.966247
3478,0.0282443
3479,0.970794
3480,0.970798
3481,0.0238159
3482,0.971866
3483,0.0348935
3484,0.102261
3485,0.0349026
3486,0.370827
3487,0.359506
3488,0.770127
3489,0.312231
3490,0.078236
3491,0.129058
3492,0.0824155
3493,0.762633
3494,0.0206859
3495,0.970251
3496,0.347608
3497,0.845853
3498,0.0277072
3499,0.0239478
3500,0.0278112
3501,0.908398
3502,0.25846
3503,0.948563
3504,0.386539
3505,0.37784
3506,0.970808
3507,0.294947
3508,0.0211284
3509,0.959415
3510,0.94684
3511,0.20683
3512,0.138268
3513,0.1457
3514,0.0240776
3515,0.0860815
3516,0.931239
3517,0.906586
3518,0.269375
3519,0.0392418
3520,0.228727
3521,0.643498
3522,0.0232971
3523,0.0553776
3524,0.254845
3525,0.792174
3526,0.834226
3527,0.194599
3528,0.90096
3529,0.0249563
3530,0.47554
3531,0.0875956
3532,0.0231192
3533,0.0307378
3534,0.0556788
3535,0.700548
3536,0.0740394
3537,0.0401913
3538,0.106606
3539,0.924394
3540,0.0320294
3541,0.0331786
3542,0.0858752
3543,0.0462583
3544,0.0238174
3545,0.0519934
3546,0.669725
3547,0.0331788
3548,0.0205371
3549,0.904628
3550,0.488305
3551,0.177507
3552,0.610154
3553,0.0699231
3554,0.0288907
3555,0.894467
3556,0.970416
3557,0.216151
3558,0.969669
3559,0.678816
3560,0.864336
3561,0.934249
3562,0.116605
3563,0.833281
3564,0.934218
3565,0.968549
3566,0.970569
3567,0.970801
3568,0.067536
3569,0.816843
3570,0.343348
3571,0.0267408
3572,0.589547
3573,0.602683
3574,0.961674
3575,0.679488
3576,0.0734108
3577,0.0250134
3578,0.970782
3579,0.364795
3580,0.945706
3581,0.970812
3582,0.97061
3583,0.469108
3584,0.0341742
3585,0.0220162
3586,0.576706
3587,0.937779
3588,0.970801
3589,0.363412
3590,0.886175
3591,0.870385
3592,0.0683659
3593,0.032262
3594,0.650117
3595,0.437386
3596,0.970809
3597,0.864058
3598,0.154305
3599,0.225724
3600,0.129237
3601,0.970801
3602,0.0208135
3603,0.969425
3604,0.424209
3605,0.731933
3606,0.0930979
3607,0.293931
3608,0.0941099
3609,0.0988571
3610,0.0417733
3611,0.902002
3612,0.950028
3613,0.882683
3614,0.858548
3615,0.0196429
3616,0.0319531
3617,0.918025
3618,0.337904
3619,0.838424
3620,0.0278259
3621,0.0863801
3622,0.80541
3623,0.048628
3624,0.113199
3625,0.0344493
3626,0.0650922
3627,0.0879322
3628,0.970809
3629,0.0263105
3630,0.97063
3631,0.283222
3632,0.970785
3633,0.529442
3634,0.0447742
3635,0.945224
3636,0.04029
3637,0.91537
3638,0.146452
3639,0.132445
3640,0.970499
3641,0.863628
3642,0.936548
3643,0.0352934
3644,0.922128
3645,0.430295
3646,0.0554273
3647,0.0268944
3648,0.185158
3649,0.0393798
3650,0.970651
3651,0.110351
3652,0.898168
3653,0.721374
3654,0.0331153
3655,0.0302313
3656,0.970789
3657,0.690594
3658,0.0520414
3659,0.406489
3660,0.0414518
3661,0.0627909
3662,0.937849
3663,0.120324
3664,0.857959
3665,0.0455191
3666,0.86287
3667,0.122876
3668,0.0216356
3669,0.297348
3670,0.432513
3671,0.771371
3672,0.307541
3673,0.970636
3674,0.180559
3675,0.121907
3676,0.037262
3677,0.970496
3678,0.938856
3679,0.0372908
3680,0.0958817
3681,0.143315
3682,0.931919
3683,0.0642713
3684,0.0359631
3685,0.0284675
3686,0.224039
3687,0.132079
3688,0.167157
3689,0.0234859
3690,0.944195
3691,0.707573
3692,0.470239
3693,0.0420216
3694,0.0253687
3695,0.252529
3696,0.121907
3697,0.944696
3698,0.235439
3699,0.119969
3700,0.822887
3701,0.0262614
3702,0.121907
3703,0.970809
3704,0.702896
3705,0.420925
3706,0.0261795
3707,0.479689
3708,0.103144
3709,0.121907
3710,0.0889323
3711,0.965845
3712,0.826089
3713,0.0609168
3714,0.115452
3715,0.418017
3716,0.0384973
3717,0.94681
3718,0.164526
3719,0.042833
3720,0.947229
3721,0.157554
3722,0.0577257
3723,0.0546243
3724,0.947912
3725,0.0892885
3726,0.9248
3727,0.0199364
3728,0.970137
3729,0.937982
3730,0.0549052
3731,0.0475275
3732,0.0221763
3733,0.135685
3734,0.967434
3735,0.0757644
3736,0.303167
3737,0.970786
3738,0.032909
3739,0.863287
3740,0.0210798
3741,0.0240845
3742,0.0447494
3743,0.0390956
3744,0.938976
3745,0.695573
3746,0.0844579
3747,0.0343011
3748,0.113023
3749,0.0547684
3750,0.0296135
3751,0.0545248
3752,0.958852
3753,0.121907
3754,0.0700078
3755,0.939739
3756,0.959981
3757,0.0945528
3758,0.0223015
3759,0.860676
3760,0.191621
3761,0.931894
3762,0.539397
3763,0.945726
3764,0.0620742
3765,0.970803
3766,0.968473
3767,0.164916
3768,0.917944
3769,0.0314939
3770,0.268733
3771,0.121907
3772,0.0402181
3773,0.301699
3774,0.90562
3775,0.970811
3776,0.851648
3777,0.0908636
3778,0.970128
3779,0.932697
3780,0.642509
3781,0.0430602
3782,0.0738393
3783,0.112683
3784,0.0305804
3785,0.0682493
3786,0.867803
3787,0.0235338
3788,0.91843
3789,0.102686
3790,0.0198631
3791,0.837896
3792,0.120199
3793,0.827197
3794,0.0430292
3795,0.0324801
3796,0.0350451
3797,0.970577
3798,0.210187
3799,0.0266211
3800,0.325945
3801,0.513305
3802,0.841446
3803,0.810497
3804,0.303409
3805,0.94603
3806,0.0210909
3807,0.0717324
3808,0.0348891
3809,0.0699853
3810,0.0205737
3811,0.0388025
3812,0.0211103
3813,0.153128
3814,0.0721359
3815,0.0427115
3816,0.535959
3817,0.878268
3818,0.0245505
3819,0.0295394
3820,0.206503
3821,0.900503
3822,0.0573968
3823,0.965782
3824,0.951657
3825,0.0200859
3826,0.9708
3827,0.824349
3828,0.0685314
3829,0.0529188
3830,0.0205322
3831,0.970802
3832,0.0614898
3833,0.0263997
3834,0.97003
3835,0.0250512
3836,0.020395
3837,0.192773
3838,0.944883
3839,0.0589856
3840,0.22968
3841,0.0656613
3842,0.0451088
3843,0.0248854
3844,0.970762
3845,0.23375
3846,0.374335
3847,0.0248389
3848,0.145663
3849,0.958273
3850,0.0586328
3851,0.934253
3852,0.482815
3853,0.0227899
3854,0.0241616
3855,0.350461
3856,0.032242
3857,0.16556
3858,0.0673247
3859,0.737293
3860,0.936539
3861,0.970383
3862,0.937777
3863,0.21094
3864,0.899908
3865,0.788836
3866,0.0697274
3867,0.408046
3868,0.052589
3869,0.907694
3870,0.0311714
3871,0.88403
